date,ID,Idle_Phonefacingdown,Idle_Phonefacingup,Lying,Sitting,Standing,Walking,COMMUNICATION,ENTERTAINMENT,FINANCE,MAPS_AND_NAVIGATION,PERSONALIZATION,PRODUCTIVITY,SOCIAL,TOOLS,TRAVEL_AND_LOCAL,VIDEO_PLAYERS,ART_AND_DESIGN,BUSINESS,EDUCATION,FOOD_AND_DRINK,LIFESTYLE,MUSIC_AND_AUDIO,PHOTOGRAPHY,WEATHER,BOOKS_AND_REFERENCE,GAME_STRATEGY,SHOPPING,COMICS,GAME_ACTION,GAME_PUZZLE,GAME_BOARD,GAME_CASUAL,HEALTH_AND_FITNESS,SPORTS,AUTO_AND_VEHICLES,GAME_ADVENTURE,GAME_ROLE_PLAYING,GAME_SPORTS,NEWS_AND_MAGAZINES
2022-12-01,10,47308.12372,4379.876475,3231.01168,1429.94098,15118.0783,207.39602,1919.384,,,,912.208,42.2,12770.073,828.522,,,,,,,,,,,,,,,,,,,,,,,,,
2022-12-02,10,9569.670264,3041.577,3955.788144,1237.487328,5951.062656,229.421808,5047.45,,,,612.538,,7709.713,13.866,,,,,,,,,,,,,,,,,,,,,,,,,
2022-12-05,10,31369.5735,17953.33598,11334.73005,2142.96405,20740.25805,630.5979,9190.061,,215.615,2377.239,1137.101,,7106.681,492.573,1893.196,,,,,,,,,,,,,,,,,,,,,,,,
2022-12-06,10,21809.1304,330.391806,62.152914,3153.442584,821.072706,0,2583.716,,,,624.154,46.909,8767.787,281.663,1245.381,,,,,,,,,,,,,,,,,,,,,,,,
2022-12-09,10,28519.58221,4904.112096,4497.744992,452.545184,9923.669392,0,3218.382,,,,585.523,,13010.739,10.115,,,,,,,,,,,,,,,,,,,,,,,,,
2022-12-10,10,36781.82606,5327.876107,4081.71588,11131.9524,28658.59301,417.448215,724.067,,5.816,,671.786,,18833.819,,,,,,,,,,,,,,,,,,,,,,,,,,
2022-12-11,10,29116.9251,13489.46388,12157.6451,3254.24457,28018.39608,360.27027,10301.022,,,,1058.733,,14958.085,184.844,,,,,,,,,,,,,,,,,,,,,,,,,
2022-12-12,30,16574.72899,7283.80984,4139.45141,1563.71754,26471.50407,311.38964,5628.793,,,,980.679,,16014.704,58.021,,,,,,,,,,,,,,,,,,,,,,,,,
2022-12-28,30,19064.93023,7290.377581,3463.737796,111.385759,8609.041244,17.965445,8196.492,,,,1066.352,118.466,15243.96,295.017,,,,,,,,,,,,,,,,,,,,,,,,,
2022-12-29,30,35999.11304,10326.39023,4559.704776,13023.80916,22207.22527,283.457583,5605.136,,,,1097.662,41.054,13183.855,740.807,,,,,,,,,,,,,,,,,,,,,,,,,
2022-12-30,30,39016.49977,16036.24174,6659.448334,585.87522,23755.84523,343.155486,2883.939,,,,910.451,9.544,12551.491,80.1,,,,,,,,,,,,,,,,,,,,,,,,,
2022-12-31,30,49395.10699,14126.03909,5417.879824,1391.123328,16011.55674,54.553856,6719.589,,,,1301.446,454.649,10331.322,25.741,,,,,,,,,,,,,,,,,,,,,,,,,
2023-01-01,30,41014.72622,13032.74324,5738.149296,2219.847282,24236.87665,155.92797,8156.734,,,,728.715,10.382,14619.424,412.984,,,,,,,,,,,,,,,,,,,,,,,,,
2023-01-02,30,18260.12138,1177.826163,641.063052,10.175604,1383.882144,0,5029.11,1.148,,,987.984,162.982,14536.055,547.491,,1100.592,,,,,,,,,,,,,,,,,,,,,,,
2023-01-05,30,31550.73403,5937.697014,3130.09587,2535.693826,14221.38507,376.243847,3042.453,,158.393,,1145.087,22.666,11093.427,248.588,,,,,,,,,,,,,,,,,,,,,,,,,
2023-01-06,30,34225.74931,1891.20034,2214.695135,25869.62991,22196.71978,0,183.697,,,,455.717,,5035.563,72.303,,,,,,,,,,,,,,,,,,,,,,,,,
2023-01-07,30,59090,6945,7130,1060,12100,75,682.651,,46.253,,360.304,,10493.841,2530.838,,,,,,,,,,,,,,,,,,,,,,,,,
2023-01-08,30,42224.97396,16788.94295,6581.44448,1842.08908,18358.29554,603.59715,4773.556,,6.291,,1275.879,285.656,16088.745,98.617,,,,,,,,,,,,,,,,,,,,,,,,,
2023-01-09,30,6420.04878,2592.903422,3692.772244,263.769446,3652.957988,9.953564,2905.478,,,,806.473,61.696,5787.889,694.857,,,,,,,,,,,,,,,,,,,,,,,,,
2022-11-30,11,100.611265,6.59746,0,183.079515,0,0,448.487,,,,258.099,14.581,,267.903,,,,,,,,,,,,,,,,,,,,,,,,,
2022-12-01,11,19999.74815,102.666886,570.636878,9974.207355,428.574559,0,24.015,,,,348.923,5.959,,19.836,,,,,,,,,,,,,,,,,,,,,,,,,
2022-12-02,11,818.281854,0,0,1307.852194,0,87.423275,,,,,8.917,,,10.044,,,,,,,,,,,,,,,,,,,,,,,,,
2022-12-04,11,25577.15521,395.680516,2476.440604,1037.324596,433.873616,114.5793,140.364,,,,298.269,4.07,,19.009,,,,,,,,,,,,,,,,,,,,,,,,,
2022-12-05,11,11596.7044,562.305318,2268.099628,11120.70014,1747.596384,320.932052,,,,,122.996,,,,,,,,,,,,,,,,,,,,,,,,,,,,
2022-12-09,11,14682.39378,500.987518,2069.29627,8380.970218,664.993662,33.313748,,,,,100.342,,,13.132,,,,,,,,,,,,,,,,,,,,,,,,,
2022-12-10,11,21213.65497,250.816368,1679.486072,8310.136428,313.52046,194.259736,176.176,,,,217.711,49.418,,13.341,,,,,,,,,,,,,,,,,,,,,,,,,
2022-12-11,11,16645.78936,752.99664,5617.52607,7181.99068,2278.95574,614.66203,609.805,,,,339.746,,,,,,,,,,,,,,,,,,,,,,,,,,,,
2022-12-30,11,30827.78422,863.888553,5037.200916,3588.790755,3386.786964,477.072783,,,,,113.08,4.468,,11.193,,,,,,,,,,,,,,,,,,,,,,,,,
2022-12-31,11,53827.50824,2664.25544,5075.21432,10590.71376,12724.5052,738.67112,29.999,,,,69.531,,,,,,,,,,,,,,,,,,,,,,,,,,,,
2022-12-24,13,1659,166.5,0,0,304.5,0,13522.982,,,,,95.618,2472.08,43.236,6.562,,,,,,,,2589.24,,,,,,,,,,,,,,,,
2022-12-25,13,24381,8352.5,7963.5,3122.5,41908,672,7464.685,,,,,164.487,4399.677,12.792,,,,118.965,,,,,3826.456,,,,,,,,,,,,,,,,
2022-12-26,13,4019.914976,271.602457,373.391312,0,2178.778028,0,15124.314,1075.384,,,,46.832,4912.179,5.229,,893.732,,,,,,,1083.8,,,,,,,,,,,,,,,,
2022-10-04,15,0,0,0,0,35.243617,0,4797.397,,44.884,,810.53,509.897,14036.681,1080.788,,9.562,,74.474,32.477,,,,,,,,,,,,,,,,,,,,
2022-10-07,15,0,0,0,0,15.998944,0,2188.744,,60.319,,1356.886,70.11,4202.407,960.561,,149.549,,,625.898,,,69.06,,,,,,,,,,,,,,,,,
2022-10-08,15,0,367.48964,0,0,75702.86584,0,3508.787,,81.297,,1981.226,1119.317,1113.268,9212.18,,2030.298,,,168.645,,,,,,,192.422,,,,,,,,,,,,,
2022-10-09,15,0,3227.368599,0,0,1690.526409,0,4171.868,206.435,,,1121.561,2310.479,2322.591,11391.541,,,,,82.795,,,,,,,263.852,,,,,,,,,,,,,
2022-10-11,15,0,0,57.405525,0,822.812525,554.920075,4445.832,1449.79,54.29,,860.397,480.543,6982.535,3029.367,31.048,1122.9,,39.265,29.017,,,,99.144,,,,,,,,,,,,,,,,
2022-10-12,15,0,53.23857,0,0,31.943142,0,1669.211,9.421,,,556.537,161.82,5278.345,700.773,,62.019,,61.559,168.589,,,2.923,,,,,,,,,,,,,,,,,
2022-11-21,15,4,12,0,0,63.5,0,2992.389,3.712,90.675,,416.725,20.885,2822.042,54.253,,635.724,394.122,,266.249,,,238.439,,,,130.675,319.101,,,,,,,,,,,,
2022-11-28,15,5637.785915,3.984301,9897.003684,426.320207,7952.664796,3486.263375,2986.648,,73.487,,536.022,86.971,2447.186,196.172,,,,,327.155,,,99.31,,,,,,,,,,,,,,,,,
2022-11-29,31,250.893944,47804.25683,1415.758684,9009.780739,18153.96895,0,2550.362,493.626,,,411.709,121.308,3319.644,298.324,,,,,84.272,,,,,,,89.204,,,,,,,,,,,,,
2022-11-30,31,9485.397865,20872.88079,1601.75584,85.093279,23871.1675,26078.58727,2941.644,,,,226.957,41.651,1518.706,91.159,,,,39.703,9.873,,,54.884,,,,,,,,,,,,,,,,,
2022-12-01,31,28047.72283,32.556846,21.704564,189.914935,40658.07451,0,3525.137,,,,536.374,2708.665,4612.576,908.588,,783.559,,,181.2,,,265.397,,,,17.527,,,,,,,,,,,,,
2022-12-02,31,9.91893,788.554935,31834.80584,0,15056.93574,0,4298.804,,30.62,,469.815,95.373,10810.19,13.573,,,,,32.444,,,,586.491,,,,,,,,,,,,,,,,
2022-12-03,31,0,15818.24607,39342.53568,65.86362,889.15887,137.215875,15568.19,,279.276,,649.469,380.52,2646.552,1441.141,,1472.532,,13.966,20.563,,,,1058.826,,,273.918,,,,,,,,,,,,,
2022-12-04,31,7.527888,0,17.565072,19720.55726,328.717776,0,1923.316,,,,303.736,404.061,6755.263,1908.619,,,,53.889,77.962,,,27.018,169.574,,,28.093,,,,,,,,,,,,,
2022-12-05,31,17.361597,1486.784034,25.253232,36.301521,11127.20535,16753.94111,3714.475,,,,650.799,197.095,1682.49,1461.593,,581.719,,,110.417,,,,3719.021,,,,,,,,,,,,,,,,
2022-12-06,31,5287.92589,0,0,0,883.038,8137.19517,2603.509,,185.359,,145.062,78.217,7261.597,85.085,,,,,,,,91.547,,,,,,,,,,,,,,,,,
2022-12-07,31,234.764569,22968.33633,353.75483,0,49413.11785,35.375483,2405.051,,,,397.698,2485.246,794.839,108.781,,,,41.464,228.348,,,248.785,,,,24.56,,,,,,,,,,,,,
2022-12-08,32,8438.966988,33804.64811,0,48.780156,300.810962,5093.461289,4851.269,,67.493,,278.852,,6410.406,961.442,,,,,,,,362.524,15.976,,,,,,,,,,,,,,,,
2022-12-09,32,22313.35398,12.782139,29.824991,85.21426,36608.0461,2543.645661,4117.549,,,,165.76,51.562,5652.348,188.901,,142.806,,,3.807,,,,,,,,,,,,,,,,,,,,
2022-12-10,32,40.675464,145.753746,23.727354,17697.21646,3592.99932,20.337732,2644.221,,,165.189,236.613,18.812,1847.798,179.578,,7779.712,,,5.422,406.923,,,,,,,,,,,,,,,,,,,
2022-12-11,32,295.818723,1066.408236,4616.232912,0,31459.04296,24392.26236,10792.863,,,758.928,275.099,117.168,9347.444,658.542,,74.779,,,,,,,,,,,,,,,,,,,,,,,
2022-12-12,32,27.142545,151.998252,46598.32126,70.570617,32424.48426,16.285527,8765.189,,,,397.108,319.479,2069.576,14.6,,63.076,,,132.13,,,68.296,,4.575,,,,,,,,,,,,,,,
2022-12-13,32,0,5754.016296,0,0,987.076566,0,3875.516,,,,374.946,174.36,5862.13,58.503,,357.252,,11.264,112.075,,,,,,,,,,,,,,,,,,,,
2022-12-14,32,0,16.99,0,0,0,0,8283.487,,135.427,,697.796,2424.311,3481.938,130.823,,,,44.319,126.742,,,134.021,,,,69.145,,,,,,,,,,,,,
2022-12-17,32,0,142.438257,0,0,70962.18106,1714.844898,2282.546,47.342,173.423,777.194,313.574,83.958,1288.458,344.41,,629.817,,,14.433,,,403.944,,,,,,,,,,,,,,,,,
2022-12-18,32,3992.335912,0,123.867224,0,28861.06319,7546.372416,1665.949,,45.415,,257.155,100.205,5108.471,1785.775,,215.874,,,24.007,,,,,,,,,,,,,,,,,,,,
2022-12-19,32,0,162.02322,491.470434,0,24562.72015,1058.551704,2328.73,,,,703.943,3893.861,1391.998,17.28,,,,15.107,33.495,,,120.354,,,,,,,,,,,,,,,,,
2022-12-11,16,2635.604747,19.683093,0,0,0,0,14414.005,,,,417.517,67.951,108.55,232.737,,,,,,,,,,0.44,,,,,10416.115,,,,,,,,,,
2022-12-12,16,25240,16745,4595,160,5055,750,10629.889,,44.813,,1233.133,15.595,1098.095,121.378,,151.156,,,,,,1.796,,,,,127.522,,25409.241,,,,,,,,,,
2022-12-18,16,130.18291,105.147735,0,0,771.08339,0,9629.004,,,,695.542,29.067,3086.313,740.643,,2.139,,,,,,7.462,,,,,,,4529.551,,,,,,,,,,
2022-12-20,16,10060,9015,8305,95,6520,605,10698.965,2.963,115.864,,1390.467,156.687,4273.044,944.755,,1381.69,,,,,,2078.525,,,,,,18.777,24738.995,,,,,,,,,,
2022-12-21,16,570.000228,2920.001168,1000.0004,0,6655.002662,0,1454.936,,,,668.224,161.769,1832.724,778.141,,156.012,,,,,,7294.375,,0.155,12.177,,,,6304.671,,,,,,,,,,
2023-01-04,18,1921.986,291.21,1349.273,194.14,9774.949,0,21468.562,,268.061,,,493.83,11560.823,430.254,,1837.812,,16.068,334.157,,,182.075,,5.792,,,,,,,5941.894,,,,,,,,
2023-01-05,18,40688.57871,12582.26015,8010.32778,5208.872175,19545.4157,367.05006,616.435,,,,,8.372,16309.419,2320.616,76.621,2052.866,,,176.669,,,1.3,186.257,18.968,,,,3.522,,,403.094,,,,,,,,
2023-01-06,18,47028.24108,5497.807,5541.789456,3045.785078,24685.15343,599.260963,906.343,5.23,66.507,563.964,,10.075,7737.757,1804.211,16.921,967.1,,400.262,,,,97.573,399.827,,,,,,,,4372.403,,,,,,,,
2023-01-07,18,28943.31596,7952.649432,5159.754691,9710.888252,33622.9362,1000.843636,4392.311,,28.394,,,26.464,11884.451,2388.272,2.622,6227.655,,,,,,,141.596,14.676,,,265.871,,,,762.755,,,,,,,,
2023-01-08,18,33247.97796,9605.224614,11394.098,9360.251507,22246.97635,541.219655,5015.233,,25.366,,,,17190.1,461.685,,4603.817,,,170.609,,,,,6.546,,5048.243,,,,,2529.557,,,,,,,,
2023-01-09,18,3606.98402,4328.380824,3458.7518,3567.455428,1235.2685,9.882148,2384.491,2.37,195.228,,,14.106,21024.646,1291.111,,3847.669,,374.072,127.9,,,,,7.805,,2221.695,,,,,2944.533,,,,,,,,
2022-12-02,1,17125.12772,5552.712312,6857.727648,12244.11448,7212.768585,35.184237,8996.64,2343.642,,,,914.279,5086.829,310.619,,1861.018,,,49.386,,,,61.283,,,,,,10809.624,,,,,673.095,,,,,
2022-12-03,1,26821.28662,7911.779924,18048.38058,17566.38507,14160.08755,1892.714068,10381.076,6777.789,,,,1842.029,11211.721,120.54,,582.691,,,97.836,,,,99.288,,,,343.765,,1613.468,,,,,63.128,,,,,
2022-12-04,1,27926.62788,13126.92212,28213.2419,5622.845956,10088.8135,1417.436608,9758.308,62.264,453.916,,,134.063,12967.509,528.238,5.898,4603.125,,,170.027,,,,168.341,,,,,,6295.675,,,,,1531.809,,,,,
2022-12-05,1,22116.87751,6249.54891,31887.7586,6909.641827,11409.81901,717.819674,5018.635,,,,,327.358,10067.018,401.066,49.536,,,,17.57,,,,247.644,,,,,,3628.981,,,,,47.238,,,,,
2022-12-21,1,13805.49665,1626.771713,55692.66197,8704.552439,5809.898975,270.638332,2986.483,,154.778,36.215,,1165.864,7634.99,527.875,30.992,2113.661,,206.557,108.052,,,,990.601,,1.623,,,,10112.729,,,,,,,,,,
2022-12-22,1,26144.71534,17615.79906,17582.9775,4201.159424,7947.50583,12301.05106,7850.589,57.911,,,,286.732,10031.01,82.692,,2773.538,,,160.689,,,,,,,,570.261,,12314.02,,,572.591,,,,,,,
2022-12-19,2,73.3854,831.7012,97.8472,0,836.59356,0,13100.044,,,,,117.082,7962.288,324.406,,,,,59.735,1.625,,,1227.964,,,,,,,,,,,,,,,,
2022-12-20,2,1665.380952,3575.81796,3945.902616,50.01144,505.115544,275.06292,15170.008,,,217.195,,6.16,11978.837,658.294,,640.343,,,1616.267,30.578,,0.839,626.122,,,,,,,,,,,,,,,,
2022-12-22,2,390,4435,1435,5,2060,125,25232.041,,,,,388.78,16645.618,1261.194,,,,,,,,,2174.184,,,,,,,,,,,,,,,,
2022-12-19,3,3291.632352,6121.281216,9817.14912,9874.897056,3869.111712,1559.194272,9646.678,,,,,93.641,17320.119,126.35,,3771.986,,,,,,138.208,,,,,,,,,,,,,,,,,
2022-12-20,3,18016.56292,24597.08059,16036.01877,0,21147.10045,6644.406184,15227.567,,,,,302.197,18967.503,47.719,,1934.142,,,,,,160.485,,,,,,1412.766,,,,,,,,,,,
2022-12-21,3,13226.42693,15881.73233,25500.95192,1202.402448,24198.34927,1402.802856,10172.917,,,,,237.957,18379.733,3.774,,1716.386,,,,,,69.607,,,,,,54.861,,,,,,,,,,,
2022-12-22,3,20197.60186,20547.5603,14948.22514,16048.09454,12898.46851,1249.8516,8603.64,,,,,2.873,18474.096,18.934,,2505.454,,,,,95.021,204.578,,,,,,1777.436,,,,,,,,,,,
2022-12-23,3,30197.95123,21148.56518,9749.33856,3199.782912,22098.50074,0,14203.815,,,,,2.646,22164.558,10.485,,2455.124,,,,,,219.765,,,,,,,,,,,,,,,,,
2022-12-24,3,19598.65544,18948.70003,12449.14593,14349.01559,20048.62457,999.9314,5475.558,64.512,,,,185.127,20624.5,26.395,,3495.41,,,,,,200.615,,,,,,,,,,,,,,,,,
2022-12-25,3,10648.89389,15198.42133,26947.20097,6899.283366,26697.22694,0,9523.294,114.923,,,,4.303,20659.055,0.14,,2424.702,,,,,,187.408,,,,,,,,,,,,,,,,,
2022-12-26,3,9150,23800,19350,1250,27200,5650,9595.808,,,,,,12808.925,,,9402.11,,,,,,30.255,,,,,,748.97,,,,,,,,,,,
2022-12-27,20,18697.29149,20197.07423,21896.828,10548.47194,15047.82016,0,4321.392,112.225,,,,27.126,24116.325,13.32,,27.435,,,,,,251.053,,,,,,,,,,,,,,,,,
2022-12-28,20,19998.0024,21347.86756,13448.65661,2849.715342,28797.12346,0,7197.758,,,,,258.554,17613.632,0.901,,275.873,,,,,,188.6,,,,,,27.94,,,,,,,,,,,
2022-12-29,20,8505.10833,24314.60381,17010.21666,0,36371.84562,200.120196,9625.307,,,,,390.044,21172.475,23.237,,1027.479,,,,,,136.965,,,,,,,,,,,,,,,,,
2022-12-30,20,16270.60338,27584.93065,6558.304745,200.25358,35745.26403,0,7579.148,,1.077,,,37.323,15332.043,129.519,,5514.54,,,,,,175.332,,,,,,,,,,,,,,,,,
2022-12-31,20,30645.56433,27246.05638,17097.52529,899.869752,10548.4732,0,5377.016,,,,,,17276.977,58.012,,2309.217,,,,,,240.839,,,,,,101.267,,,,,,,,,,,
2023-01-01,20,7699.664434,32598.57929,14799.35502,9049.605601,20449.10879,1799.921556,4208.926,,,,,,15201.579,,,7282.203,,,,,,325.263,,,54.41,,,15.924,,,,,,,,,,,
2023-01-02,20,24099.32327,21299.4019,17699.50298,649.981748,22599.36539,49.998596,4829.334,,,,,1.066,16508.495,7.498,,2888.098,,,,,,89.335,,,,,,,,,,,,,,,,,
2023-01-03,20,11350,22750,11550,1750,18200,3500,4097.255,9.599,,,,620.666,6719.951,121.864,,,,,,,,5.031,,,,,,816.809,,,,,,,,,,,
2022-11-28,4,13739.45225,1071.88272,2855.376468,145.895148,5971.279986,23.819616,4374.27,,,,2352.211,403.09,4951.429,595.3,,4415.16,,109.406,30.021,0.755,,76.959,,,,,,4.243,,,,,,,,,,,
2022-11-29,4,2677.151568,782.317536,311.14902,180.339432,6262.350276,1.269996,4445.29,,,,596.23,14.473,1361.099,109.913,,,,,,79.582,,,,,,,,,,,,,,,,,,,
2022-11-30,4,6288.889464,4287.87918,2338.441326,1436.66055,12474.63407,969.561684,4207.629,,,17.579,1330.196,77.142,3864.975,275.276,,1376.125,,400.766,42.964,,,,,,,,,,,,,,,,1.043,,,,
2022-12-01,4,13962.9914,16295.26287,9505.250868,3406.495023,16163.13912,1045.501002,4625.916,,0.829,,1832.201,10342.619,5377.72,419.227,,2186.407,,146.649,1.187,,,140.485,,,,,,,,,,,,,,,,,
2022-12-02,4,1026.56232,43.0605,447.8292,115.40214,1164.35592,0,4125.17,,,2.372,1242.822,161.826,2671.602,612.761,,4044.82,,17.192,25.608,,,425.434,,,,,,,,,,,,,,,,,
2022-12-03,4,14741.76053,4394.936628,21826.87137,1957.684776,36335.41777,7140.950844,4526.229,,,,2333.998,1066.813,5513.312,299.337,,508.487,,121.661,8.326,201.49,,4.848,,,,,,907.493,,,,,,,,,,,
2022-12-04,4,4824.113477,493.729397,383.829498,2439.121639,4340.225862,3.280594,3267.133,,,,1487.554,661.96,4847.128,618.553,,1457.639,,3.148,66.292,,45.693,,,,,,,,,,,,,,,,,,
2022-12-05,21,13200.44446,3199.392084,10812.36152,1529.540028,20307.7349,1201.68222,3520.036,,20.404,,1940.344,496.798,4939.287,911.893,1.508,767.45,,22.165,117.339,,,356.008,,,,,,,,,,,,,,,,,
2022-12-07,21,9407.192388,5349.592512,3075.19014,3886.297338,10868.42368,187.813626,9456.914,,5.011,26.615,1933.868,830.25,4044.258,665.746,,768.771,,220.709,,,,46.168,,,,,,,,,,,,,,,,,
2022-12-08,21,25486.45674,6032.675123,3514.842091,336.738159,13826.07265,2821.557646,11021.08,,23.075,,3135.444,801.672,7162.21,412.864,1104.322,,,1283.269,,,,266.557,,,,,,461.36,,,,,,,0.649,,,,
2022-12-09,21,10268.6332,7091.74209,12243.50455,2084.78027,16716.62305,2538.37263,7632.816,,,,1722.454,720.377,10997.687,494.968,294.728,1010.272,,491.666,,,,24.73,,,,,,,,,,,,,,,,,
2022-12-10,21,11964.39622,773.2571,1012.26384,421.7766,13456.07946,1289.230474,2055.203,,,,474.474,895.73,6741.399,207.712,,1738.269,,47.222,,,,15.729,,,,,,,,,,,,,,,,,
2022-12-12,21,10189.67145,8635.36545,6680.52675,2723.02455,32401.302,672.53625,5784.744,,63.928,,2123.504,1398.523,1347.689,172.413,1744.402,1010.738,,83.39,522.255,122.419,,118.723,,,,,,43.198,,,,,,,0.89,,,,
2022-12-13,21,7733.10219,5440.3734,2465.83158,837.25227,17342.07339,10.59813,16490.631,,43.529,,1819.658,2228.276,675.109,590.894,,,,323.244,306.801,,,50.513,,,,,,,,,,,,,,,,,
2022-12-14,22,29167.46224,6882.622358,10660.95735,4729.796777,23919.52001,8310.961375,16284.023,,,,1750.386,620.339,3973.225,1372.19,,,,280.052,272.702,488.584,,,,,,,,,,,,,,,,,,,
2022-12-15,22,12596.16002,2388.778536,1641.854988,1101.45408,11174.59585,36.141462,8141.388,,,,1904.984,8405.32,1385.816,415.858,,117.943,,302.026,,,,,,,,,,,,,,,,,,,,,
2022-12-17,22,20862.67398,9912.004656,4888.196326,3874.188387,20326.39015,16365.90321,10408.529,,,,2459.584,867.486,2167.386,1938.597,,,,249.281,59.441,96.186,,,,,,,,2.76,,,,,,,,,,,
2022-12-18,22,9077.578975,4115.42645,4274.6399,398.033625,12630.9337,9856.75995,7344.015,,,,2516.298,6998.351,3618.736,463.927,,1033.423,,419.263,99.733,435.2,,52.636,,,,,,310.032,,,,,,,,,,,
2022-12-19,22,8091.321791,2960.909486,2871.03365,1253.268602,9374.549005,664.082566,7942.56,,64.901,,2255.196,1487.448,4118.033,1099.507,,5627.138,,573.645,124.379,,,,,,,,,,,,,,,,,,,,
2022-12-20,22,21945.29337,4178.347992,6899.654034,1945.711404,13144.75999,26307.45281,4382.362,,,,1271.277,2509.286,2621.694,136.288,,336.12,,5.749,99.472,1561.058,,,,,,,,,,,,,,,,,,,
2022-12-21,22,21044.13573,11152.42216,9913.753928,2098.242272,35119.10962,414.358768,3515.267,,18.919,,1924.635,3605.472,5945.056,75.22,,542.772,,559.029,18.304,,,,4.701,,,,,,,,,,,,,,,,
2022-12-22,23,11220.624,12951.42559,5053.718751,2498.197597,12873.76141,2268.903369,7216.964,,6.536,,1565.675,380.109,3270.765,1606.072,,1292.128,,919.389,18.562,,,2.301,,,,,,,,,,,,,,,,,
2022-12-23,23,9334.434669,4959.50427,3839.781141,1111.201644,4286.306955,4322.097192,10363.04,,44.781,,1235.782,395.274,3574.562,133.279,,2136.519,,1024.971,,,,114.799,,,,,,,,,,,,,,,,,
2022-12-24,23,7774.742464,2447.126008,1040.074656,2111.49908,20683.47046,5.532312,4863.919,,20.601,,2127.859,316.252,4778.967,332.414,,1486.349,,125.288,,495.886,,0.771,,,,,,381.489,,,,,,,,,,,
2022-12-25,23,5770.354931,833.152851,1093.429265,3384.935013,17226.54204,0,3587.734,,19.517,,914.458,333.297,3473.536,955.387,,1066.9,,123.075,44.173,,,,,,,,,,,,,,,,,,,,
2022-12-28,23,4946.998457,873.660136,2115.768063,517.459917,11239.18857,0,3873.726,,,,1450.165,380.603,5235.624,201.079,,,,176.026,70.743,,,0.59,,,,,,,,,,,,,,,,,
2022-12-29,23,7064.263004,1535.360456,4220.903832,802.4532,3038.622784,810.477732,2596.788,,37.236,,964.723,228.205,3461.884,230.949,,874.224,,103.216,30.836,3.32,,,,,,,,,,,,,,,,,,,
2022-12-30,23,13522.84174,5659.06585,18194.28432,2769.066194,26068.91321,5138.121706,2502.135,,690.711,,867.041,16.193,5912.7,154.84,,378.133,,127.961,,1261.73,89.43,,,,,,,,,,,,,,,,,,
2023-01-01,23,1498.153806,1531.92861,1281.030066,569.346696,8909.310798,118.211814,8924.887,,,,2134.072,4148.993,2188.253,885.197,1132.162,103.981,,204.946,11.03,,,0.694,,,,,,,,,,,,,,,,,
2023-01-02,23,17799.36625,14073.33201,14540.48495,1074.172032,32745.46304,6165.299892,4801.509,,92.899,,2203.923,4195.885,3578.586,365.773,68.384,206.885,,2.616,172.268,,96.454,18.254,,,,,,,,,,,,,,,,,
2023-01-03,23,13808.73116,1802.120426,1524.564664,1355.906378,9337.294558,1247.008902,7959.002,,253.631,804.062,2566.292,7322.25,5002.936,90.392,941.708,1649.48,,466.776,314.419,,,289.881,,,,,,592.104,,,,,,,0.49,,,,
2022-12-19,6,1789,3510.5,5438,911,8969.5,320,2309.616,,2.229,,,392.458,19485.547,660.925,130.298,15610.327,,,,,,,,,206.516,,,,,,,,,,,,,,
2022-12-20,6,16989.73515,5719.202669,15211.28512,4302.055105,41692.6016,2485.019367,,,,,858.592,36.21,1513.701,735.499,,1824.42,,,,,,,,,,,,,,,,,,,,,,,
2022-12-21,6,15598.73448,7374.04038,17100.70198,3816.155574,40693.53166,1816.60689,4.436,,,,3.753,19.261,329.083,139.192,,194.492,,,,,,,,,268.91,,,,,,,,,,,,,,
2022-12-22,6,14476.68579,4523.275015,2945.166875,2272.415565,55318.00414,6864.369365,292.815,,,,,13.888,9247.577,78.474,63.164,27048.907,,,,,,,,,505.872,,,,,,,,,,,,,,
2022-12-23,6,825.5,95.5,1.5,0,32249.5,0,186.299,,,,1.786,,7096.071,52.196,,,,,,,,,,,,,,,,,,,,,,,,,
2022-12-24,6,796,3702.5,4705.5,1073,1194,7,522.078,12.364,,,33.614,3.646,5723.603,128.27,,1507.261,,,,,,,,,,,,,,,,,,,,,,,
2022-12-25,6,49572.19818,12020.46427,7371.693914,5638.78627,11672.5661,124.06849,340.803,,,,,51.199,17692.416,75.946,,733.048,,,,,,,,109.557,,,,,,,,,,,,,,,
2022-12-26,6,36287.3375,8642.392505,20874.97911,7426.141055,10846.66057,2322.3896,484.426,120.191,136.876,,71.869,57.58,3942.497,157.468,,,,,,,,,,,222.911,,,,,,,,,,,,,,
2022-12-27,6,48141.87475,10744.93847,16322.92666,4858.403562,5554.914256,777.001144,265.187,187.467,,,,5.331,3884.529,46.509,,5928.791,,,,,,,,,,,,,,,,,,,,,,,
2022-12-28,24,31816.39331,16129.63926,27684.91706,3285.261756,5014.421244,2469.420576,89.65,322.486,,,220.826,3.944,3130.565,55.176,1508.259,,,,,,,,,1.779,,,,,,,,,,,,,,,
2022-12-29,24,14644.9447,4001.983831,46329.4069,7061.508208,13669.93144,692.168693,3966.427,212.648,247.39,,,11.287,8702.797,22.615,441.416,1966.38,,,,,,,,,,,,,,,,,,,,,,,
2022-12-30,24,9795.5,1703,19831,929.5,1608.5,1771.5,5368.033,88.241,34.178,,306.693,2.066,1669.646,17.707,,27.989,,,,,,,,,,,,,,,,,,,,,,,
2022-12-31,24,10536.76503,25540.01892,10989.95373,1329.421646,18325.78616,12860.95376,18539.05,,,,,6.479,7708.88,73.879,,,,,,,,,,,,,,,,,,,,,,,,,
2023-01-01,24,27255.63635,11819.45864,9996.051072,4515.450396,30092.97061,2720.582214,15454.507,,,,,22.354,4810.763,239.128,,2006.827,,,,,,,,10.429,,,,,,,,,,,,,,,
2023-01-02,24,16604.02939,14547.90191,12548.27795,3251.201562,12769.29165,26679.15401,8615.484,,,,,4.174,3782.145,603.336,1.335,,,,,,,,,,,,,,,,,,,,,,,,
2023-01-03,24,44648.39295,19496.38992,4453.08906,2819.05638,13073.76147,1909.03818,7650.743,,,,4.667,8.4,6384.568,55.849,,667.313,,,,,,,,,,,,,,,,,,,,,,,
2023-01-04,24,40198.68505,454.773609,25.01505,105.06321,19921.48552,25694.95906,1080.278,,,,,4.857,,9.474,,,,,,,,,,,,,,,,,,,,,,,,,
2023-01-05,24,4825.548255,68.500685,590.0059,149.00149,38343.88344,32360.82361,187.87,,,,,16.205,141.917,6.025,,,,,,,,,,,,,,,,,,,,,,,,,
2022-11-29,7,2959.656528,15843.02288,37.028768,7.934736,61285.25595,0,1070.372,127.543,,,1048.577,419.318,12174.958,1078.37,,12484.206,,,,,,2.641,,,,,,,,,,,,,,,,,
2022-12-01,7,0,0,81220.54059,0,48.64962,202.70675,11037.826,1380.09,,,1391.577,2.602,4009.009,140.212,,5227.977,,,534.444,,,,,,,,,,,,,,,,,244.223,,,
2022-12-02,7,0,0,23018.91923,0,0,0,9108.877,1901.161,109.961,,1162.645,,11521.979,16.973,,3754.494,,,,,,,,,,,,,,,,,,,,,,,
2022-12-04,7,41471.94997,194.583788,3528.111314,28603.81684,1280.1565,256.0313,6787.697,2293.059,,,1982.974,89.864,12319.747,213.563,,5340.682,,,,,,1.238,,,,,,,,,,,,,,1940.208,,,
2022-12-07,7,61.127715,11680.95063,8376.34931,0,19195.95487,46.308875,4427.827,,,,743.649,,9986.446,2740.545,,973.501,,,,,,,,,,,,,,,,,,,,1977.499,,,
2022-12-08,7,1472.914385,9561.554503,63.321553,0,4641.745146,0,25602.298,,,,522.022,,1930.404,77.049,,3419.197,,,,,,,,,,,,,,,,,,,,4526.813,,,
2022-12-09,7,36.474552,17120.74944,4322.234412,0,0,0,3824.783,10245.199,,,409.547,20.425,3007.386,46.012,,18810.689,,,,,,,,,,,,,,,,,,,,,,,
2022-12-10,25,19741.8533,461.034101,0,0,29564.81108,66.623425,2092.392,1533.052,,,2707.499,6.025,7692.795,93.791,,14078.491,,,,,,94.755,,,,,,,,,,,,,,,,,
2022-12-11,25,0,6227.078679,0,0,3806.886321,0,2756.884,1.855,,,635.816,31.828,3255.183,2326.681,,18497.632,,,,,,,,,,,,,,,,,,,,6192.402,,,
2022-12-14,25,4146.06953,24214.15909,16.695582,0,53142.03751,278.2597,3463.702,,,,1598.293,9.54,13112.767,434.309,,2199.187,,,,,,,,,,,,,,,,,,,,,28.341,,
2022-12-15,25,4178.776958,2897.62554,0,0,43856.20039,0,229.093,6073.398,,,755.497,129.512,12452.819,364.694,,3823.936,,,,,,,,,,,,,,,,,,,,,,,
2022-12-16,25,6159.644346,1948.265679,33.141822,4405.495053,0,0,11300.763,5.515,,,720.412,43.348,14063.227,48.683,,6639.431,,,,,,,,,,,,,,,,,,,,1109.482,,,
2022-12-17,25,10067.87299,26.387925,0,0,19416.23522,43.979875,2199.714,,217.891,,699.193,4.333,7320.806,517.423,,12592.516,,,,,,,,,,,,,,,,,,,,498.338,,,
2022-12-18,25,16.719364,246.610619,0,4.179841,25956.81261,104.496025,2795.681,16.011,,,1696,2.532,5799.524,464.832,,5995.58,,,3776.238,,,,,,,,,,,,,,,,,4722.67,,,
2022-11-28,9,8702.938216,8235.217928,4472.575254,405.079178,7191.199428,584.65036,10024.269,78.116,,,,588.54,6022.008,3798.889,,2875.768,,694.411,,,,274.068,292.098,,,,,,,,,,,,,,,,
2022-11-29,9,5359.50846,4623.35239,9728.95094,168.05548,3461.57755,3.65338,13104.811,1734.787,,,,275.229,17152.459,2184.476,,438.781,,377.71,,,,317.226,181.632,,,,,,,,,,,,,,,,
2022-11-30,9,36724.4984,6860.019639,14983.88701,4077.124161,15081.10606,1914.000165,7950.613,289.051,,,,7427.28,5431.052,11749.791,,306.568,,665.994,17.389,2.511,,62.258,705.139,,,,,,,,,,,,,,,,
2022-12-02,9,17288.11759,2906.801584,16026.9955,1080.153896,20596.44235,2460.03636,12043.673,43.374,,,,87.943,8888.988,1756.918,,4584.128,,,40.638,,,317.748,40.558,,,,,,,,,,3.643,,,,,,
2022-12-03,9,17417.93968,14746.11496,23280.23745,887.988804,22848.03051,7217.855898,19880.13,20.519,,,,1687.481,5733.954,2222.39,,1445.485,,,,,,1193.654,221.354,,,,,,,,,,,,,,,,
2022-12-04,9,6418.116789,2246.529978,11236.43193,340.38333,3282.808116,98.332962,12124.285,1862.018,,,,544.249,19085.895,1794.607,,718.214,,75.127,235.378,,,,1821.781,,,,,,,,,,,,,,,,
2022-12-05,9,3242.33216,8520.62094,6636.64864,810.58304,21081.49172,1519.8432,9127.234,,,2362.368,,1303.131,5519.728,3430.071,289.838,3543.529,,996.957,153.757,,,265.032,362.254,,,,,,,,,,,,,,,,
2022-12-06,9,9773.860698,7326.736546,21014.23958,61.470822,22094.36974,916.207966,8128.79,,,,,53.747,14801.582,1174.738,,,,459.171,,,,162.324,739.934,,,,138.629,,,,,,28.401,,,,,,
2022-12-07,9,10667.73365,9562.887894,11533.69383,421.782331,9652.469982,2235.819613,10847.697,19.354,,1279.19,,1089.231,2085.042,2646.198,91.075,3136.268,,551.31,355.843,,,1433.395,,,,,3.382,,,,,,,,,,,,
2022-12-08,26,4680.001605,120.946165,3710.38235,81.9974,475.58492,0,17016.884,123.678,,,,26.363,4885.871,1492.702,,113.616,,1638.053,106.185,,,620.795,52.771,,,,,,,,,,10.179,,,,,,
2022-12-12,26,2967.33072,3299.04452,3850.89566,33.17138,7979.22468,4704.3048,10300.387,,,2703.316,,1912.245,1373.658,3154.107,141.433,,,223.335,520.003,,,739.67,101.701,,,,,,,,,,,,,,,,
2022-12-13,26,446.345589,319.283706,65.15994,289.961733,4642.645725,5910.006558,19552.088,2540.228,,,,253.503,,3077.899,,2209.155,,82.992,171.71,,,31.041,116.718,,,,,,,,,,,,,,,,
2022-12-23,26,3286.467384,1316.377944,416.405268,0,1405.927464,0,14062.339,,,,,19.049,11942.028,2624.735,,1398.006,,2872.116,1.221,,,21.108,1020.551,,,,,,,,,,,,,,,,
2022-12-24,26,15507.74901,6205.11753,39541.22862,388.450447,19790.79355,2739.332373,13718.452,17.77,,,,1378.063,19142.171,1895.369,,906.122,,1648.837,258.376,,,505.18,294.855,,,,,,,,,,,,,,,,
2022-12-27,26,938.424774,2441.819565,6830.71094,344.727468,10878.06677,79.798025,15922.961,433.161,,,,4453.398,1907.859,3826.738,,3082.014,,1699.086,138.283,,,151.592,428.725,,,,,,,,,,,,,,,,
2022-12-28,26,7385.050536,3048.824656,4697.129152,934.577876,7834.832972,215.46464,10637.443,7493.178,,,,1773.754,6494.733,8727.904,,2891.617,,306.577,153.647,,,97.57,337.121,,,,,,,,,,24.186,,,,,,
2022-12-29,26,2391.09701,2471.13373,2981.36782,305.139995,5657.595645,715.328185,13915.042,,,,,6429.014,1834.639,14308.643,22.369,3058.669,,19.311,124.688,,,723.351,210.4,,,,,,,,,,,,,,,,
2022-12-30,26,18807.10278,7524.759879,31247.10105,1992.318489,16431.03113,636.390657,11467.341,3244.389,,,,474.562,7075.121,2869.147,313.869,1590.392,,,51.847,,,42.574,4077.118,,,,,,,,,,,,,,,,
2023-01-31,17,0,15113.8143,0,0,0,0,9520.473,33.794,103.646,,1168.582,1508.776,8426.816,117.606,,982.942,,,,,,,,,,,,,,,,,,,,,,,
2023-02-01,17,0,5750.3289,31691.81267,42652.43958,70.004004,0,12853.285,,321.97,,1922.495,276.889,8996.79,90.528,294.618,1270.855,,10.245,,,,,1.768,,,,,,,,,,,,,,,,
2023-02-02,17,0,15,72075,14205,65,40,14620.114,,123.278,,2285.54,103.484,14492.836,101.372,,2305.02,,,5.186,,,,,,,,,,,,,,,,,,,1098.54,
2023-02-03,17,0,64.999987,61689.98766,0,24644.99507,0,9284.828,,,,1512.561,49.26,15720.886,80.862,142.689,2313.071,,,,,,,,,7.092,,,,,,,,,,,,,42.74,
2023-02-04,17,0,0,0,0,86402.74128,0,8267.133,,,,1244.493,60.517,12694.927,92.645,246.406,3343.793,,14.848,,,,,,,,,,,,,,,,,,,,810.063,
2023-02-05,17,144.773538,0,103.40967,31457.22161,35669.44217,0,6420.24,,,,2336.53,1293.117,7364.316,49.719,2147.218,730.974,,,,,,,61.609,,,,,,,,,,,,,,,,
2023-02-06,17,80303.36226,0,0,73.49301,0,0,13122.13,,203.517,,2340.744,349.97,9648.753,72.748,1432.598,288.336,,,26.705,,,,,,,,,,,,,,,,,,,,1.115
2023-02-07,17,6686.47761,13.440156,79532.12313,0,0,168.00195,2843.478,,85.046,,1671.116,435.312,7600.215,26.266,1239.054,335.914,,151.506,2.163,,,,,,,,,,,,,,,,,,,83.707,
2023-02-08,27,0,0,86400,0,0,0,233.842,,,,524.946,,1320.511,0.192,,243.034,,,,,,,,,0.877,,,,,,,,,,,,,62.789,
2023-02-09,27,0,9667.97123,76731.62694,0,0,0,11650.885,,,,1810.854,471.521,10459.907,59.903,2702.01,2624.732,,,,,,,,,,,,,,,,,,,,,,,
2023-02-10,27,0,86402.4779,0,0,0,0,10150.603,,14.19,,1031.18,154.112,21091.906,13.222,60.191,10766.916,,,,,,,,,,,,,,,,,,,,,,,
2023-02-11,27,0,22750,0,0,0,0,7453.963,,,,2534.166,207.464,7626.821,46.337,210.266,5076.39,,,32.559,,,,,,0.853,,,,,,,,,,,,,,
2023-02-12,27,0,70,0,0,59160,0,3240.891,,,,2474.436,455.077,4990.899,117.841,319.833,7428.343,,,,,,2.769,,,3.152,,,,,,,,,,,,,52.234,
2023-02-13,27,0,0,0,0,86400,0,19066.963,,10.561,,1720.734,65.338,9864.797,89.475,3194.914,1753.6,,,,,,,,,,,,,,,,,,,,,,,
2023-02-14,27,0,0,0,0,86397.34732,0,25213.493,,,,1088.844,,8780.124,13.031,,1234.721,,,29.204,,,,,,,,,,,,,,,,,,,170.826,
2023-02-15,27,0,0,0,0,71011.79296,0,20031.798,,153.521,,1947.668,9.424,8530.161,203.498,1297.19,1531.836,,,,,,132.197,,,5.274,,,,,,,,,,,,,,
2023-01-03,19,1709.706087,1074.964905,1542.489324,1685.817978,4531.915536,1136.391471,5893.488,,45.796,,,23.396,16148.369,1312.428,,12283.938,,,,,,,9.73,,,,,,,,,,,,,,,,
2023-01-04,19,4073.743586,4138.803373,21634.88148,975.896805,21584.83549,33991.23641,7765.178,,,,,0.612,12090.103,1042.376,,1461.227,,,,,12.327,,,,,1100.963,,,,,,,,,,,,,
2023-01-05,19,9472.47207,41988.7944,4448.81274,2189.415708,25358.23262,2939.215608,9557.968,,,,,8.981,12081.314,716.628,,7489.343,,12222.507,,,,,297.674,,,163.192,193.219,,,,,,,,,,,,
2023-01-06,19,7125.909344,5132.987904,13471.66286,2080.415552,13877.53832,18519.58704,9133.841,,,,,,15167.027,1063.91,,2937.009,,7346.492,1451.882,,2364.959,,,,,,,,,,,,,,,,,,
2023-01-07,19,3567.076668,8374.98291,8313.31146,1850.1435,10286.79786,1403.642202,4695.783,,,,,328.001,11792.177,713.978,,3968.225,,8273.489,175.838,,,,50.776,,,,,,,,,,,,,,,,
2023-01-08,19,7656.393361,1236.108322,6688.621721,4484.741759,10605.89738,560.867655,4279.269,,3.956,,,1540.315,7936.069,1453.634,,3750.782,,,88.95,,,3.379,542.783,,,514.195,,,,,,,,,,,,,
2023-01-09,19,4138.469916,1703.952712,10543.9924,272.13004,4498.518892,822.670044,5627.248,,32.854,,,26.157,18842.901,360.737,,5229.393,,,,,,,,,,,,,,,,,,,,,,,
2023-01-10,19,12027.25293,3647.24283,10390.01964,1082.54223,25286.15859,6077.74398,5918.429,,61.332,,,111.867,18949.551,1293.467,,3616.208,,5785.994,390.233,,1.99,,,,10.859,423.181,421.573,,,,,34.377,,,,,,,
2023-01-11,28,14993.38319,1077.987038,6314.26706,1085.189624,15358.31421,8419.823034,5492.411,,,,,,13829.83,473.507,,5648.309,,,,,,,81.794,,,,,,,,,,,,,,,,
2023-01-12,28,4629.042432,1450.147552,1303.70408,657.209728,24823.9544,1885.906176,16451.59,,,,,15.098,6346.767,422.145,,44.417,,8689.154,,,,,,,,609.312,,,,6.294,,,,,,,,,
2023-01-13,28,6776.47863,1986.710304,3550.716288,713.31354,14123.60809,17684.89199,9172.529,,,,,543.417,12435.226,487.339,,3460.476,,,102.625,,,,1.018,,,390.721,,,,,,,,,,,,,
2023-01-14,28,1591.34217,1527.837905,1296.234115,130.744075,6455.02176,1378.416105,4987.99,,31.313,,,92.378,10687.971,2002.707,,12480.371,,,,,,,,,,1286.342,285.913,,,,,,,,,,,,
2023-01-15,28,868.130712,38.104974,316.436958,124.25535,3996.052056,10372.83662,5125.341,,,,,,15310.926,111.353,,10021.233,,,,89.047,,,,,,386.319,26.721,,,,,,,,,,,,
2023-01-20,28,20.141585,157.104363,36.254853,0,1373.656097,737.182011,6193.252,,100.863,,,75.035,18649.069,1434.051,,5198.682,,,,,,2.669,117.712,,,1046.889,,,,,,,,,,,,,
2023-01-21,28,1299.90185,3472.94532,3880.08439,1079.1638,3315.97604,309.03327,11478.403,,,,,258.252,20497.026,682.554,,1893.728,,7956.995,,,,,33.724,,,412.88,,,,,,,,,,,,,
2023-01-23,28,1277.168036,1620.710071,2243.127405,92.958433,7517.50806,3136.336696,8136.97,13.692,,,,861.22,23489.818,671.378,,8209.454,,,,,256.124,,,,3.776,622.968,63.482,,,,,,,,,,,,
2023-01-24,29,28323.5308,8727.751587,5339.253498,908.391966,25490.5242,17609.08023,14414.008,,205.864,,,429.272,23870.87,890.699,151.565,5330.143,,,,,,,,,,,1097.548,,,,,,,,,,,,
2023-01-25,29,12251.49934,8061.953928,5182.684668,1135.016288,20563.82451,6751.677772,9635.478,,182.356,,,670.074,22015.151,689.384,,3810.858,,,,,,,,,,,,,,,7.319,,,,,,,,
2023-01-26,29,14897.25144,15020.19987,9184.247721,717.199175,16315.25666,1999.961128,5986.052,,362.192,,,1599.763,17478.922,3015.718,,3078.352,,,,0.693,97.326,,296.219,,,602.412,,,,,,,,,,,,,
2023-01-27,29,22160.77916,12706.89519,16227.63213,656.359788,31548.45139,3097.557596,6431.052,,,,,1413.867,11123.398,680.522,,12820.918,,,,,,,,,4.082,,157.303,,,,0.765,,,,,,,,
2023-01-28,29,1112.585625,7026.596325,563.71005,0,974.130525,98.8965,8930.256,,35.904,,,336.994,22921.419,541.943,,2125.93,,11452.509,,,,,,,,,,,,1.257,,,,,,,,,
2023-01-29,29,5094.435955,2186.214835,1186.513825,0,7063.544005,126.224875,5541.655,,38.111,,,871.339,14565.282,1574.274,,8067.901,,,,,24.787,,560.843,,,,,,,,,,,,,,,,
2023-02-04,29,26036.33042,12778.62586,11590.51068,696.261044,24030.58759,4091.332098,12838.512,,,,,140.629,17801.297,864.255,,3603.188,,4029.213,,,,,410.202,,,401.979,668.409,,,,,,,,,,,,
2023-02-05,29,11062.91112,7376.743843,1657.893416,141.097312,26032.45406,886.267491,14192.933,,,,,179.833,14325.31,701.452,,16206.387,,,,,,,,,,928.427,,,,3.583,,,,,,,,,